,UAI,Nom_etab,Adresse,Code postal,Nom_commune,Contrat,Type_etab,Code_departement,Departement,Mail_etab,Telephone,latitude,longitude,Discipline,Niveaux_enseignement,Niveau_enseignement_autre,Temps_enseignement,Freq_eval,grille,Freq_comm_ecrit,Difficultes_comm_ecrit,Diffcultes_autres,Trace_comm_ecrit,Lecture_comm_ecrit,Freq_comm_oral,Moment_comm_oral,Moment_autre,Objectif_comm_oral,Objectif_autre,Comprehension_comm_oral,Impact_comm_oral,Questions_comm_oral,Avantages_comm_oral,Inconveniants_oral,Inconveniant_autre,Eleve_mal_a_l_aise,Preoccupation_IA,Commentaire_libre,Créé à
0,0450051L - Lycée polyvalent Benjamin Franklin,Lycée polyvalent Benjamin Franklin,21 bis rue Eugène Vignat,45010,Orléans,Public,LYCEE POLYVALENT,45,Loiret,ce.0450051L@ac-orleans-tours.fr,02 38 79 10 10,47.91115896614035,1.910839898558388,Sciences Physiques et chimiques,Lycée général,"lycée technologique, Tle",11-20 ans,À la fin de chaque séquence/chapitre,"Parfois, selon le type de travail","Oui, sur tous les travaux","Manque de temps, Manque d'impact perçu sur les élèves, Répétitivité des commentaires, Difficulté à être à la fois bienveillant(e) et précis",,Jamais,"Parfois, selon les élèves",Parfois,"Pendant une activité en classe (feedback immédiat), Lors de la remise des copies, Pendant les récréations/pauses",,"Expliquer et justifier une note, Encourager et motiver l'élève, Donner des pistes concrètes de progression, Corriger des erreurs spécifiques",,Cela dépend beaucoup des élèves,"Oui, mais difficile à quantifier","Oui, mais ils le font rarement","Plus rapide à formuler, Plus direct et personnalisé, Meilleure réceptivité des élèves, Permet de s'adapter en temps réel aux réactions de l'élève, Plus authentique et chaleureux","Difficulté à individualiser dans un grand groupe, Manque de temps en classe, Absence de trace écrite pour le suivi",,Rarement,"Confidentialité et protection des données élèves, Coût financier pour l'établissement, Fiabilité des suggestions de l'IA",,
1,0370799T - Collège Raoul Rebout,Collège Raoul Rebout,Avenue d'Appenweier,37270,Montlouis-sur-Loire,Public,COLLEGE,37,Indre-et-Loire,ce.0370799T@ac-orleans-tours.fr,02 47 50 81 07,47.38557578965276,0.8275694577755638,Mathématiques,Collège,non,Plus de 20 ans,Une fois par mois,"Parfois, selon le type de travail","Oui, sur tous les travaux","Manque de temps, Manque d'impact perçu sur les élèves, Difficulté à être à la fois bienveillant(e) et précis",,Jamais,"Parfois, selon les élèves","Oui, régulièrement","Pendant une activité en classe (feedback immédiat), Lors de travaux de groupes",,"Expliquer et justifier une note, Encourager et motiver l'élève, Donner des pistes concrètes de progression, Corriger des erreurs spécifiques",,"Oui, dans la plupart des cas","Oui, un impact clair et mesurable","Oui, mais ils le font rarement","Plus direct et personnalisé, Permet l'interaction et le dialogue, Meilleure réceptivité des élèves, Permet de s'adapter en temps réel aux réactions de l'élève, Plus authentique et chaleureux","Les élèves oublient facilement ce qui est dit, Difficulté à individualiser dans un grand groupe, Manque de temps en classe, Absence de trace écrite pour le suivi",,Rarement,"Perte d'authenticité dans la relation pédagogique, Confidentialité et protection des données élèves, Coût financier pour l'établissement, Fiabilité des suggestions de l'IA",,
2,0371124W - Collège Le Reflessoir,Collège Le Reflessoir,3 rue du Réflessoir,37150,Bléré,Public,COLLEGE,37,Indre-et-Loire,ce.0371124W@ac-orleans-tours.fr,02 47 57 97 43,47.31983318777643,0.9933895234941684,Lettres Modernes,Collège,5ème et 3ème,11-20 ans,"Une fois par semaine, À la fin de chaque séquence/chapitre","Souvent, pour la plupart des travaux","Oui, sur tous les travaux","Manque de temps, Manque d'impact perçu sur les élèves",,Je ne sais pas comment m'organiser pour cela,Je ne sais pas comment le mesurer,"Oui, régulièrement","Pendant une activité en classe (feedback immédiat), Lors d'entretiens individuels planifiés, Lors de la remise des copies, Pendant les récréations/pauses",,"Encourager et motiver l'élève, Donner des pistes concrètes de progression, Créer un dialogue avec l'élève",,Cela dépend beaucoup des élèves,"Oui, mais difficile à quantifier","Oui, mais ils le font rarement","Plus rapide à formuler, Plus direct et personnalisé, Permet l'interaction et le dialogue, Meilleure réceptivité des élèves, Permet de s'adapter en temps réel aux réactions de l'élève, Plus authentique et chaleureux","Les élèves oublient facilement ce qui est dit, Manque de temps en classe, Difficulté à être équitable avec tous les élèves",,Rarement,"Perte d'authenticité dans la relation pédagogique, Coût financier pour l'établissement, Fiabilité des suggestions de l'IA, Acceptation par les parents et l'institution",,
3,0450051L - Lycée polyvalent Benjamin Franklin,Lycée polyvalent Benjamin Franklin,21 bis rue Eugène Vignat,45010,Orléans,Public,LYCEE POLYVALENT,45,Loiret,ce.0450051L@ac-orleans-tours.fr,02 38 79 10 10,47.91115896614035,1.910839898558388,Sciences Physiques et chimiques,Lycée général,aucun,Plus de 20 ans,À la fin de chaque séquence/chapitre,Rarement,"Oui, sur tous les travaux","Difficulté à formuler des remarques constructives, Manque d'impact perçu sur les élèves, Répétitivité des commentaires",,Jamais,"Parfois, selon les élèves",Parfois,En correction collective,,Corriger des erreurs spécifiques,,Cela dépend beaucoup des élèves,"Oui, mais difficile à quantifier","Non, cela n'est pas prévu dans mon organisation","Plus rapide à formuler, Permet de s'adapter en temps réel aux réactions de l'élève",Manque de temps en classe,,Rarement,"Coût financier pour l'établissement, Fiabilité des suggestions de l'IA, Acceptation par les parents et l'institution",,
4,0180005H - Lycée général Alain Fournier,Lycée général Alain Fournier,50 rue Stéphane Mallarmé,18016,Bourges,Public,LYCEE GENERAL,18,Cher,ce.0180005H@ac-orleans-tours.fr,02 48 23 11 88,47.10050310831961,2.413769724109875,Anglais,Lycée général,non,11-20 ans,À la fin de chaque séquence/chapitre,"Toujours, pour tous les travaux","Oui, sur la plupart des travaux","Manque de temps, Difficulté à personnaliser selon chaque élève, Manque d'impact perçu sur les élèves, Répétitivité des commentaires",,Je ne sais pas comment m'organiser pour cela,Je ne sais pas comment le mesurer,Parfois,"Pendant une activité en classe (feedback immédiat), Autre",Je fais des vocaux pour corriger les copies de terminale (enseignement de spécialité) et j'envoie chaque fichier audio à chaque élève.,"Expliquer et justifier une note, Encourager et motiver l'élève, Donner des pistes concrètes de progression, Corriger des erreurs spécifiques, Autre",Gain de temps. je souhaiterais faire des commentaires oraux à chacun de mes élèves en classe mais cela serait une perte de temps. Que feraient les élèves pendant que je donne mon feedback oral aux élèves. Une tâche en autonomie est possible mais cela virerait vite à l'ennui car cela prendrait trop de temps de voir tout le monde individuellement.,Je n'ai pas suffisamment de recul pour en juger,Je ne sais pas comment l'évaluer,"Oui, mais ils le font rarement","Plus rapide à formuler, Plus direct et personnalisé, Meilleure réceptivité des élèves","Les élèves oublient facilement ce qui est dit, Absence de trace écrite pour le suivi",,Je n'y ai pas fait attention,"Confidentialité et protection des données élèves, Coût financier pour l'établissement, Acceptation par les parents et l'institution",,
5,0371100V - Lycée professionnel Joseph Cugnot,Lycée professionnel Joseph Cugnot,,37500,Chinon,Public,LYCEE PROFESSIONNEL,37,Indre-et-Loire,ce.0371100V@ac-orleans-tours.fr,02 47 93 65 00,47.17075575524685,0.2557294970323701,Mathématiques/Sciences Physiques,Lycée professionnel,3ème Prépa-Métiers,11-20 ans,À la fin de chaque séquence/chapitre,"Souvent, pour la plupart des travaux","Parfois, selon le type d'activité","Manque de temps, Difficulté à formuler des remarques constructives, Répétitivité des commentaires",,Jamais,Rarement,Rarement,"Pendant une activité en classe (feedback immédiat), Juste après une évaluation, Lors de la remise des copies, Pendant les récréations/pauses",,"Encourager et motiver l'élève, Donner des pistes concrètes de progression, Corriger des erreurs spécifiques",,"Oui, dans la plupart des cas","Oui, un impact clair et mesurable","Oui, ils posent souvent des questions","Plus rapide à formuler, Plus direct et personnalisé, Permet l'interaction et le dialogue, Meilleure réceptivité des élèves","Les élèves oublient facilement ce qui est dit, Difficulté à individualiser dans un grand groupe, Manque de temps en classe, Absence de trace écrite pour le suivi, Difficulté à être équitable avec tous les élèves",,Rarement,Fiabilité des suggestions de l'IA,"Les deux types de commentaires sont complémentaires, l'un permet une discussion avec l'élève pour vérifier qu'il a intégré le coup de pouce, l'autre laisse une trace pour les révisions à plus long terme",
6,0280007F - Lycée général Marceau,Lycée général Marceau,2 rue Pierre Mendès France,28006,Chartres,Public,LYCEE GENERAL,28,Eure-et-Loir,ce.0280007F@ac-orleans-tours.fr,02 37 91 62 00,48.44286355247745,1.4930801047543554,Anglais,Lycée général,Prépa,11-20 ans,À la fin de chaque séquence/chapitre,"Souvent, pour la plupart des travaux","Oui, sur tous les travaux","Manque d'impact perçu sur les élèves, Répétitivité des commentaires",,Jamais,"Parfois, selon les élèves",Jamais,"Pendant une activité en classe (feedback immédiat), Lors de travaux de groupes, En correction collective, Lors de la remise des copies, Pendant les récréations/pauses",,"Expliquer et justifier une note, Encourager et motiver l'élève, Donner des pistes concrètes de progression, Corriger des erreurs spécifiques, Créer un dialogue avec l'élève",,"Oui, dans la plupart des cas","Oui, mais difficile à quantifier","Oui, mais ils le font rarement","Plus rapide à formuler, Plus direct et personnalisé, Permet l'interaction et le dialogue, Meilleure réceptivité des élèves, Plus authentique et chaleureux","Les élèves oublient facilement ce qui est dit, Absence de trace écrite pour le suivi",,Rarement,Aucune préoccupation particulière,,
7,0180026F - Lycée professionnel Jean Moulin,Lycée professionnel Jean Moulin,45 rue Jean Moulin,18206,Saint-Amand-Montrond,Public,LYCEE PROFESSIONNEL,18,Cher,ce.0180026F@ac-orleans-tours.fr,02 58 40 02 00,46.7342555961512,2.5146202480412945,Sciences et Techniques Médico-Sociales,Lycée professionnel,Lycée technologique,5-10 ans,Quotidiennement,"Parfois, selon le type de travail","Oui, sur la plupart des travaux",Manque de temps,,Jamais,Rarement,"Oui, régulièrement","Pendant une activité en classe (feedback immédiat), Lors de travaux de groupes, En correction collective, Pendant les récréations/pauses",,"Encourager et motiver l'élève, Donner des pistes concrètes de progression, Créer un dialogue avec l'élève",,"Oui, dans la plupart des cas","Oui, mais difficile à quantifier","Oui, ils posent souvent des questions","Plus direct et personnalisé, Permet l'interaction et le dialogue, Meilleure réceptivité des élèves, Plus authentique et chaleureux","Difficulté à individualiser dans un grand groupe, Certains élèves sont mal à l'aise avec l'oral",,Rarement,"Confidentialité et protection des données élèves, Fiabilité des suggestions de l'IA",,
8,0180005H - Lycée général Alain Fournier,Lycée général Alain Fournier,50 rue Stéphane Mallarmé,18016,Bourges,Public,LYCEE GENERAL,18,Cher,ce.0180005H@ac-orleans-tours.fr,02 48 23 11 88,47.10050310831961,2.413769724109875,Lettres Modernes,Lycée général,cpge,Plus de 20 ans,Une fois par mois,"Souvent, pour la plupart des travaux","Oui, sur tous les travaux","Manque de temps, Difficulté à formuler des remarques constructives, Difficulté à personnaliser selon chaque élève, Manque d'impact perçu sur les élèves, Répétitivité des commentaires, Difficulté à être à la fois bienveillant(e) et précis",,Je ne sais pas comment m'organiser pour cela,"Parfois, selon les élèves","Oui, régulièrement","Pendant une activité en classe (feedback immédiat), Juste après une évaluation, Lors d'entretiens individuels planifiés, Lors de travaux de groupes, En correction collective, Lors de la remise des copies, Pendant les récréations/pauses",,"Expliquer et justifier une note, Encourager et motiver l'élève, Donner des pistes concrètes de progression, Corriger des erreurs spécifiques, Créer un dialogue avec l'élève",,Cela dépend beaucoup des élèves,"Oui, mais difficile à quantifier","Oui, ils posent souvent des questions","Plus rapide à formuler, Plus direct et personnalisé, Permet l'interaction et le dialogue, Meilleure réceptivité des élèves, Permet de s'adapter en temps réel aux réactions de l'élève, Plus authentique et chaleureux","Les élèves oublient facilement ce qui est dit, Difficulté à individualiser dans un grand groupe, Manque de temps en classe, Absence de trace écrite pour le suivi, Difficulté à être équitable avec tous les élèves, Certains élèves sont mal à l'aise avec l'oral",,Parfois,"Complexité d'utilisation, Fiabilité des suggestions de l'IA, Acceptation par les parents et l'institution",,
9,0450064A - Lycée professionnel Gaudier-Brzeska,Lycée professionnel Gaudier-Brzeska,40 avenue Denis Papin,45800,Saint-Jean-de-Braye,Public,LYCEE PROFESSIONNEL,45,Loiret,ce.0450064A@ac-orleans-tours.fr,02 38 22 13 50,47.91153478592338,1.948220462203531,Mathématiques,Lycée professionnel,Bac pro et CAP,Plus de 20 ans,Plusieurs fois par semaine,"Parfois, selon le type de travail","Oui, sur la plupart des travaux","Manque de temps, Difficulté à formuler des remarques constructives, Difficulté à personnaliser selon chaque élève, Manque d'impact perçu sur les élèves, Répétitivité des commentaires",,Jamais,Rarement,Jamais,Pendant une activité en classe (feedback immédiat),,"Expliquer et justifier une note, Donner des pistes concrètes de progression, Corriger des erreurs spécifiques",,Cela dépend beaucoup des élèves,Peu ou pas d'impact visible,"Oui, mais ils le font rarement",Plus direct et personnalisé,Manque de temps en classe,,Rarement,"Fiabilité des suggestions de l'IA, Acceptation par les parents et l'institution",Non,
10,0410768M - Collège Jean Emond,Collège Jean Emond,16 avenue Aristide Briand,41100,Vendôme,Public,COLLEGE,41,Loir-et-Cher,ce.0410768M@ac-orleans-tours.fr,02 54 73 33 66,47.80471586350063,1.0596206260786385,Mathématiques,Collège,aucun,11-20 ans,"Une fois par semaine, À la fin de chaque séquence/chapitre","Parfois, selon le type de travail","Oui, sur la plupart des travaux","Difficulté à formuler des remarques constructives, Répétitivité des commentaires",,Jamais,Je ne sais pas comment le mesurer,Parfois,Pendant une activité en classe (feedback immédiat),,"Encourager et motiver l'élève, Corriger des erreurs spécifiques",,"Oui, dans la plupart des cas","Oui, mais difficile à quantifier","Oui, mais ils le font rarement","Plus rapide à formuler, Plus direct et personnalisé, Meilleure réceptivité des élèves","Difficulté à individualiser dans un grand groupe, Manque de temps en classe",,Jamais,Coût financier pour l'établissement,,
11,0451067R - Lycée professionnel Jean Lurçat - Lycée des métiers de l'industrie et des services,Lycée professionnel Jean Lurçat - Lycée des métiers de l'industrie et des services,4 rue du Perron,45401,Fleury-les-Aubrais,Public,LP LYCEE DES METIERS,45,Loiret,ce.0451067R@ac-orleans-tours.fr,02 38 70 97 00,47.92925470000184,1.9253495411791304,Économie et Gestion comptable,Lycée professionnel,BTS,11-20 ans,"Plusieurs fois par semaine, Une fois par mois, À la fin de chaque séquence/chapitre","Souvent, pour la plupart des travaux","Oui, sur la plupart des travaux","Manque de temps, Difficulté à formuler des remarques constructives, Difficulté à personnaliser selon chaque élève, Manque d'impact perçu sur les élèves, Répétitivité des commentaires, Difficulté à être à la fois bienveillant(e) et précis",,Jamais,Rarement,Parfois,"Pendant une activité en classe (feedback immédiat), En correction collective, Pendant les récréations/pauses",,"Expliquer et justifier une note, Encourager et motiver l'élève, Donner des pistes concrètes de progression, Corriger des erreurs spécifiques, Créer un dialogue avec l'élève",,Cela dépend beaucoup des élèves,"Oui, mais difficile à quantifier","Parfois, selon le contexte","Plus direct et personnalisé, Permet l'interaction et le dialogue, Meilleure réceptivité des élèves, Plus authentique et chaleureux","Difficulté à individualiser dans un grand groupe, Manque de temps en classe, Absence de trace écrite pour le suivi",,Jamais,Aucune préoccupation particulière,,
12,0410001D - Lycée polyvalent international Robert Badinter,Lycée polyvalent international Robert Badinter,13 avenue de Chateaudun,41018,Blois,Public,LYCEE POLYVALENT,41,Loir-et-Cher,ce.0410001D@ac-orleans-tours.fr,02 54 56 29 00,47.5969091660175,1.3300701619500217,Anglais,"Collège, Lycée général",non,11-20 ans,"Une fois par mois, À la fin de chaque séquence/chapitre","Toujours, pour tous les travaux","Oui, sur tous les travaux","Manque d'impact perçu sur les élèves, Répétitivité des commentaires",,"Toujours (cahier, fichier numérique...)","Oui, la plupart du temps","Oui, régulièrement","Pendant une activité en classe (feedback immédiat), Juste après une évaluation, Lors de travaux de groupes, En correction collective",,"Encourager et motiver l'élève, Donner des pistes concrètes de progression, Corriger des erreurs spécifiques, Créer un dialogue avec l'élève",,"Oui, dans la plupart des cas","Oui, un impact clair et mesurable","Parfois, selon le contexte","Plus direct et personnalisé, Permet l'interaction et le dialogue, Plus authentique et chaleureux","Les élèves oublient facilement ce qui est dit, Difficulté à individualiser dans un grand groupe, Manque de temps en classe, Absence de trace écrite pour le suivi",,Jamais,"Complexité d'utilisation, Coût financier pour l'établissement, Fiabilité des suggestions de l'IA, Acceptation par les parents et l'institution",,
13,0451067R - Lycée professionnel Jean Lurçat - Lycée des métiers de l'industrie et des services,Lycée professionnel Jean Lurçat - Lycée des métiers de l'industrie et des services,4 rue du Perron,45401,Fleury-les-Aubrais,Public,LP LYCEE DES METIERS,45,Loiret,ce.0451067R@ac-orleans-tours.fr,02 38 70 97 00,47.92925470000184,1.9253495411791304,Arts Appliqués option design,Lycée professionnel,"1er bac pro, CAP, Term bac pro",5-10 ans,Une fois par mois,"Toujours, pour tous les travaux","Parfois, selon le type d'activité","Manque de temps, Difficulté à formuler des remarques constructives, Difficulté à personnaliser selon chaque élève",,Jamais,"Oui, la plupart du temps","Oui, très fréquemment","Pendant une activité en classe (feedback immédiat), Juste après une évaluation, Lors de travaux de groupes, En correction collective, Lors de la remise des copies",,"Encourager et motiver l'élève, Donner des pistes concrètes de progression, Corriger des erreurs spécifiques, Créer un dialogue avec l'élève",,"Oui, dans la plupart des cas","Oui, mais difficile à quantifier","Oui, ils posent souvent des questions","Plus rapide à formuler, Plus direct et personnalisé, Meilleure réceptivité des élèves, Plus authentique et chaleureux","Les élèves oublient facilement ce qui est dit, Absence de trace écrite pour le suivi, Certains élèves sont mal à l'aise avec l'oral",,Parfois,"Confidentialité et protection des données élèves, Coût financier pour l'établissement, Acceptation par les parents et l'institution",,
14,0370039S - Lycée général et technologique Paul-Louis Courier,Lycée général et technologique Paul-Louis Courier,2 place Grégoire de Tours,37012,Tours,Public,LYCEE GENERAL ET TECHNOLOGIQUE,37,Indre-et-Loire,ce.0370039S@ac-orleans-tours.fr,02 47 60 35 05,47.39588827262477,0.695229816982135,Sciences Économiques et Sociales,Lycée général,non,11-20 ans,Une fois par mois,"Souvent, pour la plupart des travaux","Oui, sur tous les travaux","Manque de temps, Difficulté à formuler des remarques constructives, Difficulté à être à la fois bienveillant(e) et précis",,Jamais,"Parfois, selon les élèves",Jamais,"Pendant une activité en classe (feedback immédiat), Juste après une évaluation, Lors de la remise des copies",,"Expliquer et justifier une note, Encourager et motiver l'élève, Corriger des erreurs spécifiques",,"Oui, dans la plupart des cas","Oui, mais difficile à quantifier","Oui, ils posent souvent des questions","Plus rapide à formuler, Plus direct et personnalisé, Meilleure réceptivité des élèves","Difficulté à individualiser dans un grand groupe, Manque de temps en classe, Absence de trace écrite pour le suivi",,Rarement,"Fiabilité des suggestions de l'IA, Acceptation par les parents et l'institution",Appréciations écrites : un temps infini si l'on veut vraiment expliquer l'erreur et la piste d'amélioration pour l'élève.,
15,0371417P - Lycée général et technologique Jean Monnet,Lycée général et technologique Jean Monnet,45 rue de la Gitonnière,37306,Joué-lès-Tours,Public,LYCEE GENERAL ET TECHNOLOGIQUE,37,Indre-et-Loire,ce.0371417P@ac-orleans-tours.fr,02 47 67 44 67,47.33883841109669,0.6589996608922724,Éducation Physique et Sportive,Lycée général,1ere et terminale ,11-20 ans,À la fin de chaque séquence/chapitre,"Toujours, pour tous les travaux","Oui, sur tous les travaux",Difficulté à formuler des remarques constructives,Écriture peu lisible ,"Toujours (cahier, fichier numérique...)",Rarement,"Oui, régulièrement",Lors de la remise des copies,,"Expliquer et justifier une note, Donner des pistes concrètes de progression",,Cela dépend beaucoup des élèves,"Oui, mais difficile à quantifier","Parfois, selon le contexte",Plus rapide à formuler,Absence de trace écrite pour le suivi,,Rarement,Perte d'authenticité dans la relation pédagogique,,
16,0180024D - Lycée général et technologique Jean Moulin,Lycée général et technologique Jean Moulin,45 rue Jean Moulin,18206,Saint-Amand-Montrond,Public,LYCEE GENERAL ET TECHNOLOGIQUE,18,Cher,ce.0180024D@ac-orleans-tours.fr,02 58 40 02 00,46.733733729909645,2.514710037304128,Économie et Gestion commerciale,Lycée général,BTS,Plus de 20 ans,"Plusieurs fois par semaine, Une fois par semaine","Souvent, pour la plupart des travaux","Oui, sur tous les travaux",Manque d'impact perçu sur les élèves,,Parfois,"Parfois, selon les élèves",Parfois,"Pendant une activité en classe (feedback immédiat), Lors de travaux de groupes, Lors de la remise des copies",,"Encourager et motiver l'élève, Donner des pistes concrètes de progression, Corriger des erreurs spécifiques",,"Oui, dans la plupart des cas","Oui, mais difficile à quantifier","Oui, mais ils le font rarement","Plus rapide à formuler, Plus direct et personnalisé, Permet l'interaction et le dialogue, Meilleure réceptivité des élèves, Permet de s'adapter en temps réel aux réactions de l'élève","Manque de temps en classe, Absence de trace écrite pour le suivi, Difficulté à être équitable avec tous les élèves",,Jamais,"Confidentialité et protection des données élèves, Coût financier pour l'établissement",,
17,0180024D - Lycée général et technologique Jean Moulin,Lycée général et technologique Jean Moulin,45 rue Jean Moulin,18206,Saint-Amand-Montrond,Public,LYCEE GENERAL ET TECHNOLOGIQUE,18,Cher,ce.0180024D@ac-orleans-tours.fr,02 58 40 02 00,46.733733729909645,2.514710037304128,Économie et Gestion commerciale,Lycée général,BTS,Plus de 20 ans,À la fin de chaque séquence/chapitre,"Souvent, pour la plupart des travaux","Oui, sur la plupart des travaux","Difficulté à formuler des remarques constructives, Difficulté à personnaliser selon chaque élève, Manque d'impact perçu sur les élèves, Répétitivité des commentaires, Difficulté à être à la fois bienveillant(e) et précis",,Parfois,"Parfois, selon les élèves",Rarement,"Pendant une activité en classe (feedback immédiat), Lors d'entretiens individuels planifiés",,"Expliquer et justifier une note, Encourager et motiver l'élève, Donner des pistes concrètes de progression",,Je n'ai pas suffisamment de recul pour en juger,Je ne sais pas comment l'évaluer,"Oui, mais ils le font rarement","Plus rapide à formuler, Plus direct et personnalisé, Plus authentique et chaleureux","Manque de temps en classe, Certains élèves sont mal à l'aise avec l'oral",,Je n'y ai pas fait attention,"Complexité d'utilisation, Fiabilité des suggestions de l'IA",,
18,0370768J - Collège Georges Besse,Collège Georges Besse,17 rue des Prébendes,37600,Loches,Public,COLLEGE,37,Indre-et-Loire,ce.0370768J@ac-orleans-tours.fr,02 47 91 10 60,47.12797561842054,0.9821006220178128,Mathématiques,Collège,non,11-20 ans,À la fin de chaque séquence/chapitre,"Toujours, pour tous les travaux","Oui, sur la plupart des travaux","Manque de temps, Difficulté à personnaliser selon chaque élève, Manque d'impact perçu sur les élèves, Répétitivité des commentaires",,Jamais,Rarement,Jamais,"Pendant une activité en classe (feedback immédiat), Juste après une évaluation, Lors d'entretiens individuels planifiés, En correction collective, Pendant les récréations/pauses",,"Donner des pistes concrètes de progression, Corriger des erreurs spécifiques",,Cela dépend beaucoup des élèves,Peu ou pas d'impact visible,"Oui, mais ils le font rarement","Plus rapide à formuler, Plus direct et personnalisé, Meilleure réceptivité des élèves","Les élèves oublient facilement ce qui est dit, Difficulté à individualiser dans un grand groupe, Manque de temps en classe, Absence de trace écrite pour le suivi, Certains élèves sont mal à l'aise avec l'oral",,Rarement,"Perte d'authenticité dans la relation pédagogique, Confidentialité et protection des données élèves, Complexité d'utilisation, Coût financier pour l'établissement, Fiabilité des suggestions de l'IA",,
19,0280753S - Collège Nicolas Robert,Collège Nicolas Robert,3 rue Charles Péguy,28500,Vernouillet,Public,COLLEGE,28,Eure-et-Loir,ce.0280753S@ac-orleans-tours.fr,02 37 46 22 03,48.71656473574055,1.3612201450841552,Sciences et Vie de la Terre,Collège,6e 4e 3e,11-20 ans,"Une fois par mois, À la fin de chaque séquence/chapitre","Parfois, selon le type de travail",Rarement,"Manque de temps, Manque d'impact perçu sur les élèves, Répétitivité des commentaires, Difficulté à être à la fois bienveillant(e) et précis",,Jamais,Rarement,Parfois,"Pendant une activité en classe (feedback immédiat), En correction collective, Lors de la remise des copies",,Encourager et motiver l'élève,,Cela dépend beaucoup des élèves,Je ne sais pas comment l'évaluer,"Non, le temps manque généralement","Plus rapide à formuler, Plus direct et personnalisé, Meilleure réceptivité des élèves, Plus authentique et chaleureux","Manque de temps en classe, Absence de trace écrite pour le suivi, Difficulté à être équitable avec tous les élèves, Certains élèves sont mal à l'aise avec l'oral",,Je n'y ai pas fait attention,"Confidentialité et protection des données élèves, Coût financier pour l'établissement",,
20,0180024D - Lycée général et technologique Jean Moulin,Lycée général et technologique Jean Moulin,45 rue Jean Moulin,18206,Saint-Amand-Montrond,Public,LYCEE GENERAL ET TECHNOLOGIQUE,18,Cher,ce.0180024D@ac-orleans-tours.fr,02 58 40 02 00,46.733733729909645,2.514710037304128,Sciences Économiques et Sociales,Lycée général,formation continue de professeur,Plus de 20 ans,Une fois par semaine,"Souvent, pour la plupart des travaux","Oui, sur tous les travaux",Aucune difficulté particulière,,Parfois,"Parfois, selon les élèves","Oui, régulièrement","Pendant une activité en classe (feedback immédiat), Juste après une évaluation, Lors d'entretiens individuels planifiés, Lors de travaux de groupes, En correction collective, Lors de la remise des copies",,"Expliquer et justifier une note, Encourager et motiver l'élève, Donner des pistes concrètes de progression, Corriger des erreurs spécifiques",,Cela dépend beaucoup des élèves,"Oui, mais difficile à quantifier","Parfois, selon le contexte","Plus rapide à formuler, Plus direct et personnalisé, Permet l'interaction et le dialogue","Les élèves oublient facilement ce qui est dit, Difficulté à individualiser dans un grand groupe, Manque de temps en classe, Absence de trace écrite pour le suivi",,Rarement,"Perte d'authenticité dans la relation pédagogique, Fiabilité des suggestions de l'IA, Acceptation par les parents et l'institution",Les deux se complètent.,
21,0180591V - Collège Saint-Exupéry,Collège Saint-Exupéry,Rue Marguerite Audoux,18000,Bourges,Public,COLLEGE,18,Cher,ce.0180591V@ac-orleans-tours.fr,02 48 50 35 71,47.0778922607749,2.3801596509622702,Histoire-Géographie,Collège,UPE2A ,11-20 ans,À la fin de chaque séquence/chapitre,"Toujours, pour tous les travaux","Oui, sur tous les travaux","Manque de temps, Manque d'impact perçu sur les élèves, Répétitivité des commentaires",,Jamais,Rarement,"Oui, régulièrement","Pendant une activité en classe (feedback immédiat), Lors de travaux de groupes",,"Encourager et motiver l'élève, Donner des pistes concrètes de progression, Corriger des erreurs spécifiques",,"Non, ils semblent souvent oubliés",Peu ou pas d'impact visible,"Non, le temps manque généralement","Plus direct et personnalisé, Meilleure réceptivité des élèves, Plus authentique et chaleureux","Les élèves oublient facilement ce qui est dit, Difficulté à individualiser dans un grand groupe, Manque de temps en classe, Absence de trace écrite pour le suivi, Certains élèves sont mal à l'aise avec l'oral",,Rarement,"Confidentialité et protection des données élèves, Coût financier pour l'établissement, Fiabilité des suggestions de l'IA",,
22,0451072W - Collège Pierre de Coubertin,Collège Pierre de Coubertin,66 avenue Pierre Mendès-France,45800,Saint-Jean-de-Braye,Public,COLLEGE,45,Loiret,ce.0451072W@ac-orleans-tours.fr,02 38 86 61 44,47.913460367140296,1.979379870606504,Sciences et Vie de la Terre,Collège,"6eme, 5eme, 4eme",11-20 ans,"Une fois par semaine, Une fois par mois","Parfois, selon le type de travail","Parfois, selon le type d'activité","Difficulté à formuler des remarques constructives, Manque d'impact perçu sur les élèves, Répétitivité des commentaires, Autre",Manque de place sur les copies ce qui produit des commentaires courts et globaux.,Je ne sais pas comment m'organiser pour cela,"Parfois, selon les élèves",Parfois,"Pendant une activité en classe (feedback immédiat), Lors de la remise des copies",,"Encourager et motiver l'élève, Donner des pistes concrètes de progression, Créer un dialogue avec l'élève",,"Oui, dans la plupart des cas","Oui, mais difficile à quantifier","Parfois, selon le contexte","Plus direct et personnalisé, Meilleure réceptivité des élèves","Manque de temps en classe, Absence de trace écrite pour le suivi, Autre",Certains élèves peuvent comprendre de travers notre message.,Rarement,"Confidentialité et protection des données élèves, Complexité d'utilisation, Coût financier pour l'établissement",,
23,0410959V - Lycée général et technologique Camille Claudel,Lycée général et technologique Camille Claudel,10 rue Albert Camus,41018,Blois,Public,LYCEE GENERAL ET TECHNOLOGIQUE,41,Loir-et-Cher,ce.0410959V@ac-orleans-tours.fr,02 54 52 60 38,47.57512321214124,1.3015096498177092,Allemand,Lycée général,non,11-20 ans,"Une fois par semaine, À la fin de chaque séquence/chapitre","Souvent, pour la plupart des travaux","Oui, sur la plupart des travaux","Manque de temps, Manque d'impact perçu sur les élèves",,Parfois,"Parfois, selon les élèves",Parfois,"Pendant une activité en classe (feedback immédiat), Juste après une évaluation, Autre",enregistrement audio pour évaluer les productions orales mais chronophage et pas de synthèse pour l'élève,"Expliquer et justifier une note, Encourager et motiver l'élève, Donner des pistes concrètes de progression",,Cela dépend beaucoup des élèves,"Oui, mais difficile à quantifier","Non, le temps manque généralement","Plus rapide à formuler, Meilleure réceptivité des élèves","Difficulté à individualiser dans un grand groupe, Manque de temps en classe, Absence de trace écrite pour le suivi",,Rarement,"Confidentialité et protection des données élèves, Coût financier pour l'établissement, Acceptation par les parents et l'institution",,
24,0410030K - Lycée général et technologique Ronsard,Lycée général et technologique Ronsard,Rue Joliot Curie,41100,Vendôme,Public,LYCEE GENERAL ET TECHNOLOGIQUE,41,Loir-et-Cher,ce.0410030K@ac-orleans-tours.fr,02 54 73 32 00,47.808597647091695,1.056399866469141,Lettres Modernes,Lycée général,Atelier Théâtre ,11-20 ans,Plusieurs fois par semaine,"Souvent, pour la plupart des travaux","Parfois, selon le type d'activité","Manque d'impact perçu sur les élèves, Répétitivité des commentaires",,Parfois,"Parfois, selon les élèves","Oui, régulièrement","Pendant une activité en classe (feedback immédiat), Juste après une évaluation, Lors d'entretiens individuels planifiés, Lors de travaux de groupes, En correction collective, Lors de la remise des copies, Pendant les récréations/pauses",,"Expliquer et justifier une note, Encourager et motiver l'élève, Donner des pistes concrètes de progression, Corriger des erreurs spécifiques, Créer un dialogue avec l'élève",,Cela dépend beaucoup des élèves,"Oui, mais difficile à quantifier","Parfois, selon le contexte",Plus rapide à formuler,"Les élèves oublient facilement ce qui est dit, Difficulté à individualiser dans un grand groupe, Manque de temps en classe, Certains élèves sont mal à l'aise avec l'oral",,Parfois,"Perte d'authenticité dans la relation pédagogique, Confidentialité et protection des données élèves, Complexité d'utilisation, Coût financier pour l'établissement, Fiabilité des suggestions de l'IA, Acceptation par les parents et l'institution",Dans l'utilisation des IA conscientisation autour de l'écologie,
25,0450783G - Collège Jean Joudiou,Collège Jean Joudiou,16 rue du Lièvre d'Or,45110,Châteauneuf-sur-Loire,Public,COLLEGE,45,Loiret,ce.0450783G@ac-orleans-tours.fr,02 38 58 40 11,47.86593258705632,2.2201202107743376,Sciences Physiques et chimiques,Collège,non,11-20 ans,Une fois par semaine,"Parfois, selon le type de travail","Oui, sur tous les travaux","Manque de temps, Manque d'impact perçu sur les élèves, Répétitivité des commentaires",,Jamais,"Parfois, selon les élèves","Oui, régulièrement","Pendant une activité en classe (feedback immédiat), Lors de la remise des copies",,"Expliquer et justifier une note, Encourager et motiver l'élève, Donner des pistes concrètes de progression, Corriger des erreurs spécifiques",,Cela dépend beaucoup des élèves,"Oui, mais difficile à quantifier","Oui, mais ils le font rarement","Plus rapide à formuler, Plus direct et personnalisé, Permet l'interaction et le dialogue, Permet de s'adapter en temps réel aux réactions de l'élève, Plus authentique et chaleureux","Les élèves oublient facilement ce qui est dit, Manque de temps en classe, Absence de trace écrite pour le suivi",,Parfois,"Confidentialité et protection des données élèves, Coût financier pour l'établissement, Fiabilité des suggestions de l'IA, Acceptation par les parents et l'institution",,2025-10-04 7:04pm
26,0450069F - Collège Max Jacob,Collège Max Jacob,26 rue Maurice Millet,45140,Saint-Jean-de-la-Ruelle,Public,COLLEGE,45,Loiret,ce.0450069F@ac-orleans-tours.fr,02 38 88 26 70,47.91834535288936,1.8783696125234344,Anglais,Collège,IUT,11-20 ans,Une fois par mois,"Souvent, pour la plupart des travaux","Oui, sur la plupart des travaux","Manque de temps, Manque d'impact perçu sur les élèves, Difficulté à être à la fois bienveillant(e) et précis",,Jamais,Je ne sais pas comment le mesurer,Parfois,"Pendant une activité en classe (feedback immédiat), Juste après une évaluation, En correction collective, Pendant les récréations/pauses",,"Expliquer et justifier une note, Encourager et motiver l'élève, Donner des pistes concrètes de progression, Corriger des erreurs spécifiques, Créer un dialogue avec l'élève",,Cela dépend beaucoup des élèves,"Oui, mais difficile à quantifier","Oui, mais ils le font rarement","Plus rapide à formuler, Plus direct et personnalisé, Meilleure réceptivité des élèves, Plus authentique et chaleureux","Les élèves oublient facilement ce qui est dit, Difficulté à individualiser dans un grand groupe, Manque de temps en classe",,Rarement,Aucune préoccupation particulière,,2025-10-05 11:47pm
27,0180008L - Lycée polyvalent Pierre-Emile Martin - Lycée des métiers de l'ingénierie de l'énergie et de l'environnement,Lycée polyvalent Pierre-Emile Martin - Lycée des métiers de l'ingénierie de l'énergie et de l'environnement,1 avenue de Gionne,18000,Bourges,Public,LPO LYCEE DES METIERS,18,Cher,ce.0180008L@ac-orleans-tours.fr,02 58 40 00 50,47.07524838347581,2.405960207722748,Mathématiques/Sciences Physiques,Lycée professionnel,"seconde, première et terminale et 3pm",Plus de 20 ans,Plusieurs fois par semaine,"Toujours, pour tous les travaux","Oui, sur tous les travaux","Manque d'impact perçu sur les élèves, Répétitivité des commentaires",,Jamais,Je ne sais pas comment le mesurer,"Oui, très fréquemment",Pendant une activité en classe (feedback immédiat),,"Encourager et motiver l'élève, Donner des pistes concrètes de progression",,Cela dépend beaucoup des élèves,Je ne sais pas comment l'évaluer,"Oui, mais ils le font rarement","Plus rapide à formuler, Plus direct et personnalisé, Permet l'interaction et le dialogue",Absence de trace écrite pour le suivi,,Jamais,Aucune préoccupation particulière,,2025-10-06 1:50pm
28,0280659P - Etablissement régional d'enseignement adapté,Etablissement régional d'enseignement adapté,42 rue du Chateau d'Eau,28301,Mainvilliers,Public,ETAB.REGIONAL ENSEIGNT ADAPTE,28,Eure-et-Loir,ce.0280659P@ac-orleans-tours.fr,02 37 18 29 00,48.45087942778349,1.4527006004857788,Documentation,"Collège, Lycée professionnel",SEGPA,Plus de 20 ans,Une fois par mois,"Souvent, pour la plupart des travaux",Rarement,"Manque de temps, Manque d'impact perçu sur les élèves, Autre",je sais que la plupart ne les lisent pas,Parfois,Rarement,Rarement,"Pendant une activité en classe (feedback immédiat), En correction collective",,"Encourager et motiver l'élève, Donner des pistes concrètes de progression, Corriger des erreurs spécifiques",,"Non, ils semblent souvent oubliés",Je ne sais pas comment l'évaluer,"Oui, mais ils le font rarement","Plus direct et personnalisé, Plus authentique et chaleureux","Les élèves oublient facilement ce qui est dit, Manque de temps en classe, Absence de trace écrite pour le suivi",,Rarement,"Confidentialité et protection des données élèves, Coût financier pour l'établissement, Fiabilité des suggestions de l'IA, Acceptation par les parents et l'institution",non,2025-10-07 1:32pm
29,0360024F - Lycée polyvalent Balzac-D'Alembert,Lycée polyvalent Balzac-D'Alembert,8 rue de la Limoise,36101,Issoudun,Public,LYCEE POLYVALENT,36,Indre,ce.0360024F@ac-orleans-tours.fr,02 54 03 67 00,46.95598898641917,2.000379639919609,Arts Appliqués option métiers d'arts,Lycée professionnel,BTS,Moins de 5 ans,"Une fois par mois, À la fin de chaque séquence/chapitre","Toujours, pour tous les travaux","Oui, sur tous les travaux","Manque de temps, Difficulté à personnaliser selon chaque élève, Manque d'impact perçu sur les élèves, Répétitivité des commentaires, Difficulté à être à la fois bienveillant(e) et précis",,"Toujours (cahier, fichier numérique...)",Je ne sais pas comment le mesurer,"Oui, régulièrement","Pendant une activité en classe (feedback immédiat), Juste après une évaluation",,"Expliquer et justifier une note, Encourager et motiver l'élève, Donner des pistes concrètes de progression, Créer un dialogue avec l'élève",,"Oui, dans la plupart des cas","Oui, mais difficile à quantifier","Oui, ils posent souvent des questions","Plus rapide à formuler, Plus direct et personnalisé, Plus authentique et chaleureux","Absence de trace écrite pour le suivi, Certains élèves sont mal à l'aise avec l'oral",,Jamais,"Perte d'authenticité dans la relation pédagogique, Confidentialité et protection des données élèves, Coût financier pour l'établissement, Acceptation par les parents et l'institution",36,2025-10-08 11:03am
30,0450022E - Collège Pierre Auguste Renoir,Collège Pierre Auguste Renoir,8 avenue de Verdun,45210,Ferrières-en-Gâtinais,Public,COLLEGE,45,Loiret,ce.0450022E@ac-orleans-tours.fr,02 38 96 56 07,48.09085299609554,2.80117029264711,Anglais,Collège,n/c,11-20 ans,Une fois par semaine,"Souvent, pour la plupart des travaux","Parfois, selon le type d'activité","Manque de temps, Manque d'impact perçu sur les élèves, Difficulté à être à la fois bienveillant(e) et précis",,Jamais,"Parfois, selon les élèves","Oui, régulièrement","Pendant une activité en classe (feedback immédiat), Juste après une évaluation, Lors de travaux de groupes, Pendant les récréations/pauses",,"Encourager et motiver l'élève, Donner des pistes concrètes de progression, Corriger des erreurs spécifiques",,Cela dépend beaucoup des élèves,"Oui, mais difficile à quantifier","Oui, mais ils le font rarement","Plus direct et personnalisé, Permet l'interaction et le dialogue, Permet de s'adapter en temps réel aux réactions de l'élève","Les élèves oublient facilement ce qui est dit, Difficulté à individualiser dans un grand groupe, Manque de temps en classe, Absence de trace écrite pour le suivi, Difficulté à être équitable avec tous les élèves, Certains élèves sont mal à l'aise avec l'oral",,Parfois,"Confidentialité et protection des données élèves, Coût financier pour l'établissement, Fiabilité des suggestions de l'IA",,2025-10-08 12:18pm
31,0180006J - Lycée général et technologique Marguerite de Navarre,Lycée général et technologique Marguerite de Navarre,50 rue de Vauvert,18024,Bourges,Public,LYCEE GENERAL ET TECHNOLOGIQUE,18,Cher,ce.0180006J@ac-orleans-tours.fr,02 48 67 81 40,47.08189991994247,2.3823898880211765,Mathématiques,Lycée général,non,Plus de 20 ans,"Une fois par mois, À la fin de chaque séquence/chapitre","Parfois, selon le type de travail","Oui, sur la plupart des travaux",Aucune difficulté particulière,,Parfois,"Parfois, selon les élèves","Oui, très fréquemment","Pendant une activité en classe (feedback immédiat), Juste après une évaluation, Lors de la remise des copies, Autre",en fonction des difficultés des élvèes,"Expliquer et justifier une note, Donner des pistes concrètes de progression, Corriger des erreurs spécifiques",,Cela dépend beaucoup des élèves,"Oui, mais difficile à quantifier","Parfois, selon le contexte","Plus direct et personnalisé, Permet l'interaction et le dialogue","Difficulté à individualiser dans un grand groupe, Manque de temps en classe, Certains élèves sont mal à l'aise avec l'oral",,Parfois,"Perte d'authenticité dans la relation pédagogique, Confidentialité et protection des données élèves, Complexité d'utilisation",,2025-10-10 10:31am
32,0371378X - Collège Lucie Aubrac,Collège Lucie Aubrac,19 rue Victor Hugo,37230,Luynes,Public,COLLEGE,37,Indre-et-Loire,ce.0371378X@ac-orleans-tours.fr,02 47 40 72 50,47.38745697692512,0.5457405487760493,Sciences et Vie de la Terre,Collège,6ème à 3ème.,11-20 ans,"Une fois par semaine, Une fois par mois","Souvent, pour la plupart des travaux","Oui, sur tous les travaux","Manque de temps, Manque d'impact perçu sur les élèves",,Je ne sais pas comment m'organiser pour cela,"Parfois, selon les élèves",Jamais,Pendant les récréations/pauses,,"Encourager et motiver l'élève, Donner des pistes concrètes de progression, Créer un dialogue avec l'élève",,"Oui, dans la plupart des cas","Oui, un impact clair et mesurable","Oui, mais ils le font rarement","Plus rapide à formuler, Plus direct et personnalisé, Permet l'interaction et le dialogue, Meilleure réceptivité des élèves, Plus authentique et chaleureux","Les élèves oublient facilement ce qui est dit, Manque de temps en classe, Absence de trace écrite pour le suivi",,Jamais,"Confidentialité et protection des données élèves, Fiabilité des suggestions de l'IA, Acceptation par les parents et l'institution",,2025-10-10 11:02am
33,0371124W - Collège Le Reflessoir,Collège Le Reflessoir,3 rue du Réflessoir,37150,Bléré,Public,COLLEGE,37,Indre-et-Loire,ce.0371124W@ac-orleans-tours.fr,02 47 57 97 43,47.31983318777643,0.9933895234941684,Sciences et Vie de la Terre,Collège,5 4 3,Plus de 20 ans,À la fin de chaque séquence/chapitre,"Toujours, pour tous les travaux",Rarement,"Manque de temps, Manque d'impact perçu sur les élèves",,Jamais,Je ne sais pas comment le mesurer,Rarement,"Pendant une activité en classe (feedback immédiat), En correction collective, Lors de la remise des copies",,"Expliquer et justifier une note, Donner des pistes concrètes de progression",,Cela dépend beaucoup des élèves,"Oui, mais difficile à quantifier","Parfois, selon le contexte","Plus rapide à formuler, Plus direct et personnalisé, Meilleure réceptivité des élèves","Les élèves oublient facilement ce qui est dit, Difficulté à être équitable avec tous les élèves",,Rarement,Aucune préoccupation particulière,,2025-10-11 10:39am
34,0180006J - Lycée général et technologique Marguerite de Navarre,Lycée général et technologique Marguerite de Navarre,50 rue de Vauvert,18024,Bourges,Public,LYCEE GENERAL ET TECHNOLOGIQUE,18,Cher,ce.0180006J@ac-orleans-tours.fr,02 48 67 81 40,47.08189991994247,2.3823898880211765,Mathématiques,Lycée général,nn,11-20 ans,"Une fois par mois, À la fin de chaque séquence/chapitre","Toujours, pour tous les travaux","Oui, sur la plupart des travaux","Manque de temps, Difficulté à formuler des remarques constructives",,"Toujours (cahier, fichier numérique...)","Parfois, selon les élèves","Oui, très fréquemment","Juste après une évaluation, En correction collective, Lors de la remise des copies",,"Expliquer et justifier une note, Donner des pistes concrètes de progression, Corriger des erreurs spécifiques",,Cela dépend beaucoup des élèves,"Oui, un impact clair et mesurable","Oui, ils posent souvent des questions","Plus direct et personnalisé, Meilleure réceptivité des élèves, Permet de s'adapter en temps réel aux réactions de l'élève","Les élèves oublient facilement ce qui est dit, Absence de trace écrite pour le suivi",,Parfois,"Confidentialité et protection des données élèves, Coût financier pour l'établissement",,2025-10-11 5:37pm
35,0180005H - Lycée général Alain Fournier,Lycée général Alain Fournier,50 rue Stéphane Mallarmé,18016,Bourges,Public,LYCEE GENERAL,18,Cher,ce.0180005H@ac-orleans-tours.fr,02 48 23 11 88,47.10050310831961,2.413769724109875,Anglais,Lycée général,non,Plus de 20 ans,Une fois par semaine,"Souvent, pour la plupart des travaux","Oui, sur tous les travaux","Manque de temps, Manque d'impact perçu sur les élèves, Difficulté à être à la fois bienveillant(e) et précis",,Je ne sais pas comment m'organiser pour cela,"Parfois, selon les élèves","Oui, régulièrement","Pendant une activité en classe (feedback immédiat), Lors de travaux de groupes, En correction collective, Lors de la remise des copies",,"Expliquer et justifier une note, Encourager et motiver l'élève, Donner des pistes concrètes de progression",,Cela dépend beaucoup des élèves,"Oui, mais difficile à quantifier","Oui, mais ils le font rarement","Plus rapide à formuler, Permet l'interaction et le dialogue","Les élèves oublient facilement ce qui est dit, Difficulté à individualiser dans un grand groupe, Manque de temps en classe, Absence de trace écrite pour le suivi, Difficulté à être équitable avec tous les élèves, Certains élèves sont mal à l'aise avec l'oral",,Parfois,"Perte d'authenticité dans la relation pédagogique, Confidentialité et protection des données élèves, Complexité d'utilisation, Coût financier pour l'établissement, Fiabilité des suggestions de l'IA, Acceptation par les parents et l'institution",Centre,2025-10-12 11:29am
36,0180721L - Collège Emile Littré,Collège Emile Littré,10 rue Littré,18000,Bourges,Public,COLLEGE,18,Cher,ce.0180721l@ac-orleans-tours.fr,02 48 70 32 18,47.08596399690033,2.392059509670607,Sciences Physiques et chimiques,Collège,Néant,Plus de 20 ans,Une fois par mois,"Toujours, pour tous les travaux","Oui, sur tous les travaux","Manque de temps, Difficulté à formuler des remarques constructives, Manque d'impact perçu sur les élèves, Répétitivité des commentaires, Difficulté à être à la fois bienveillant(e) et précis",,Jamais,Rarement,Parfois,"Pendant une activité en classe (feedback immédiat), Lors d'entretiens individuels planifiés, En correction collective, Lors de la remise des copies",,"Encourager et motiver l'élève, Donner des pistes concrètes de progression, Créer un dialogue avec l'élève",,Cela dépend beaucoup des élèves,Je ne sais pas comment l'évaluer,"Oui, mais ils le font rarement","Plus rapide à formuler, Plus direct et personnalisé, Permet l'interaction et le dialogue","Les élèves oublient facilement ce qui est dit, Difficulté à individualiser dans un grand groupe, Manque de temps en classe, Absence de trace écrite pour le suivi",,Parfois,"Confidentialité et protection des données élèves, Coût financier pour l'établissement, Acceptation par les parents et l'institution",,2025-10-12 11:31am
37,0180006J - Lycée général et technologique Marguerite de Navarre,Lycée général et technologique Marguerite de Navarre,50 rue de Vauvert,18024,Bourges,Public,LYCEE GENERAL ET TECHNOLOGIQUE,18,Cher,ce.0180006J@ac-orleans-tours.fr,02 48 67 81 40,47.08189991994247,2.3823898880211765,Mathématiques,Lycée général,Non,Moins de 5 ans,Une fois par mois,Rarement,"Parfois, selon le type d'activité","Difficulté à formuler des remarques constructives, Manque d'impact perçu sur les élèves",,Parfois,"Parfois, selon les élèves",Parfois,"Lors d'entretiens individuels planifiés, Lors de travaux de groupes, En correction collective",,"Expliquer et justifier une note, Créer un dialogue avec l'élève",,"Non, ils semblent souvent oubliés","Oui, un impact clair et mesurable","Non, le temps manque généralement","Permet l'interaction et le dialogue, Permet de s'adapter en temps réel aux réactions de l'élève","Les élèves oublient facilement ce qui est dit, Absence de trace écrite pour le suivi, Certains élèves sont mal à l'aise avec l'oral",,Parfois,Aucune préoccupation particulière,Non,2025-10-12 7:39pm
38,0281197Z - Lycée polyvalent Joséphine Baker,Lycée polyvalent Joséphine Baker,4 rue du Bois de Loup,28130,Hanches,Public,LYCEE POLYVALENT,28,Eure-et-Loir,ce.0281197Z@ac-orleans-tours.fr,02 58 40 01 30,48.60112564017114,1.661287205326211,Histoire-Géographie,Lycée général,2nde - 1ère - Term,11-20 ans,"Une fois par semaine, Une fois par mois","Parfois, selon le type de travail","Parfois, selon le type d'activité","Manque de temps, Difficulté à personnaliser selon chaque élève, Manque d'impact perçu sur les élèves, Répétitivité des commentaires",,Je ne sais pas comment m'organiser pour cela,"Parfois, selon les élèves",Rarement,"Pendant une activité en classe (feedback immédiat), Lors de la remise des copies, Autre","Suite à une accident de la main, j'ai utilisé un QRCode pour le faire","Expliquer et justifier une note, Donner des pistes concrètes de progression",,Cela dépend beaucoup des élèves,"Oui, mais difficile à quantifier","Non, le temps manque généralement","Plus rapide à formuler, Plus direct et personnalisé, Meilleure réceptivité des élèves, Plus authentique et chaleureux",Manque de temps en classe,,Je n'y ai pas fait attention,"Coût financier pour l'établissement, Fiabilité des suggestions de l'IA",,2025-10-12 8:21pm
39,0360541T - Collège Rosa Parks,Collège Rosa Parks,6 bis rue Michelet,36019,Châteauroux,Public,COLLEGE,36,Indre,ce.0360541T@ac-orleans-tours.fr,02 54 08 52 50,46.800384318789504,1.7056699055203606,Espagnol,"Collège, Lycée général",SEGPA collège,11-20 ans,"Quotidiennement, Une fois par mois, À la fin de chaque séquence/chapitre","Toujours, pour tous les travaux","Parfois, selon le type d'activité","Manque de temps, Manque d'impact perçu sur les élèves",,Jamais,"Parfois, selon les élèves","Oui, régulièrement",En correction collective,,"Expliquer et justifier une note, Encourager et motiver l'élève, Donner des pistes concrètes de progression, Corriger des erreurs spécifiques",,Cela dépend beaucoup des élèves,Peu ou pas d'impact visible,"Oui, ils posent souvent des questions","Plus rapide à formuler, Plus direct et personnalisé, Permet l'interaction et le dialogue, Meilleure réceptivité des élèves, Permet de s'adapter en temps réel aux réactions de l'élève, Plus authentique et chaleureux","Les élèves oublient facilement ce qui est dit, Difficulté à individualiser dans un grand groupe, Absence de trace écrite pour le suivi, Certains élèves sont mal à l'aise avec l'oral",,Jamais,"Complexité d'utilisation, Coût financier pour l'établissement, Fiabilité des suggestions de l'IA, Acceptation par les parents et l'institution",,2025-10-13 5:15pm
40,0280866P - Collège Albert Sidoisne,Collège Albert Sidoisne,16 rue des Ecoles,28800,Bonneval,Public,COLLEGE,28,Eure-et-Loir,ce.0280866P@ac-orleans-tours.fr,02 37 47 27 05,48.18456266270391,1.389949608826604,Anglais,Collège,non,11-20 ans,"Une fois par mois, À la fin de chaque séquence/chapitre","Souvent, pour la plupart des travaux","Oui, sur la plupart des travaux","Manque de temps, Manque d'impact perçu sur les élèves",,"Toujours (cahier, fichier numérique...)",Rarement,Jamais,Autre,si j'ai des questions,"Expliquer et justifier une note, Corriger des erreurs spécifiques",,"Non, ils semblent souvent oubliés",Je ne sais pas comment l'évaluer,"Oui, mais ils le font rarement",Plus direct et personnalisé,Autre,"on dit plus qu'à l'écrit, c'est donc plus long.",Parfois,"Confidentialité et protection des données élèves, Coût financier pour l'établissement, Fiabilité des suggestions de l'IA",Eure-et-Loir,2025-10-14 8:24am
41,0410718H - Lycée professionnel Val de Cher - Lycée des métiers de l'énergie et des services,Lycée professionnel Val de Cher - Lycée des métiers de l'énergie et des services,2 avenue Jean Magnon,41110,Saint-Aignan,Public,LP LYCEE DES METIERS,41,Loir-et-Cher,ce.0410718H@ac-orleans-tours.fr,02 54 75 48 48,47.26670995877264,1.3711799914447236,Mathématiques,Lycée professionnel,non,11-20 ans,Plusieurs fois par semaine,"Souvent, pour la plupart des travaux","Oui, sur la plupart des travaux","Manque de temps, Difficulté à personnaliser selon chaque élève, Manque d'impact perçu sur les élèves, Répétitivité des commentaires",,Parfois,Je ne sais pas comment le mesurer,"Oui, régulièrement","Pendant une activité en classe (feedback immédiat), Juste après une évaluation, Lors d'entretiens individuels planifiés, Lors de travaux de groupes, Lors de la remise des copies",,"Expliquer et justifier une note, Encourager et motiver l'élève",,Cela dépend beaucoup des élèves,Je ne sais pas comment l'évaluer,"Parfois, selon le contexte","Plus direct et personnalisé, Meilleure réceptivité des élèves, Permet de s'adapter en temps réel aux réactions de l'élève, Plus authentique et chaleureux","Difficulté à individualiser dans un grand groupe, Certains élèves sont mal à l'aise avec l'oral",,Rarement,Confidentialité et protection des données élèves,,2025-10-16 3:03pm
42,0410030K - Lycée général et technologique Ronsard,Lycée général et technologique Ronsard,Rue Joliot Curie,41100,Vendôme,Public,LYCEE GENERAL ET TECHNOLOGIQUE,41,Loir-et-Cher,ce.0410030K@ac-orleans-tours.fr,02 54 73 32 00,47.808597647091695,1.056399866469141,Sciences et Vie de la Terre,Lycée général,non,Plus de 20 ans,"Une fois par semaine, Une fois par mois, À la fin de chaque séquence/chapitre","Souvent, pour la plupart des travaux","Oui, sur tous les travaux","Manque de temps, Manque d'impact perçu sur les élèves, Répétitivité des commentaires",,Jamais,"Parfois, selon les élèves","Oui, régulièrement","Lors de travaux de groupes, En correction collective, Lors de la remise des copies",,"Expliquer et justifier une note, Encourager et motiver l'élève, Donner des pistes concrètes de progression",,Cela dépend beaucoup des élèves,Je ne sais pas comment l'évaluer,"Oui, mais ils le font rarement","Plus rapide à formuler, Plus direct et personnalisé, Plus authentique et chaleureux","Les élèves oublient facilement ce qui est dit, Manque de temps en classe",,Rarement,Coût financier pour l'établissement,,2025-10-16 3:48pm
43,0451665R - Collège Lucie Aubrac,Collège Lucie Aubrac,4 rue Maryse Bastié,45700,Villemandeur,Public,COLLEGE,45,Loiret,ce.0451665R@ac-orleans-tours.fr,02 38 07 16 00,47.98229470941494,2.721089989691325,Sciences Physiques et chimiques,Collège,Ras,11-20 ans,À la fin de chaque séquence/chapitre,"Toujours, pour tous les travaux","Parfois, selon le type d'activité","Répétitivité des commentaires, Autre",Tableau avec compétences qui fait doublon,Jamais,Rarement,Parfois,Pendant une activité en classe (feedback immédiat),,"Expliquer et justifier une note, Donner des pistes concrètes de progression",,Cela dépend beaucoup des élèves,"Oui, mais difficile à quantifier","Oui, mais ils le font rarement","Plus rapide à formuler, Plus direct et personnalisé, Permet de s'adapter en temps réel aux réactions de l'élève","Les élèves oublient facilement ce qui est dit, Manque de temps en classe, Absence de trace écrite pour le suivi, Difficulté à être équitable avec tous les élèves, Certains élèves sont mal à l'aise avec l'oral",,Parfois,"Confidentialité et protection des données élèves, Coût financier pour l'établissement",,2025-10-18 11:52am
44,0281090H - Section d'enseignement professionnel du Lycée polyvalent Sylvia Monfort,Section d'enseignement professionnel du Lycée polyvalent Sylvia Monfort,6 rue de l'Orme de Sours,28600,Luisant,Public,SECTION ENSEIGNT PROFESSIONNEL,28,Eure-et-Loir,ce.0281090H@ac-orleans-tours.fr,02 37 88 21 21,48.41874838774103,1.455690507980767,Anglais,Lycée professionnel,aucun,Plus de 20 ans,Une fois par mois,"Parfois, selon le type de travail","Oui, sur la plupart des travaux","Manque d'impact perçu sur les élèves, Répétitivité des commentaires",,Jamais,Rarement,Rarement,"Pendant une activité en classe (feedback immédiat), Juste après une évaluation",,"Encourager et motiver l'élève, Donner des pistes concrètes de progression",,Cela dépend beaucoup des élèves,Peu ou pas d'impact visible,"Oui, mais ils le font rarement","Plus rapide à formuler, Plus direct et personnalisé, Plus authentique et chaleureux","Manque de temps en classe, Certains élèves sont mal à l'aise avec l'oral",,Je n'y ai pas fait attention,Complexité d'utilisation,,2025-10-20 2:36pm
45,0450003J - Collège Jean Moulin,Collège Jean Moulin,9 rue d'Auvilliers,45410,Artenay,Public,COLLEGE,45,Loiret,ce.0450003J@ac-orleans-tours.fr,02 38 80 00 75,48.080118641964944,1.8762699191680627,Anglais,Collège,Master 1,Plus de 20 ans,Plusieurs fois par semaine,"Toujours, pour tous les travaux","Oui, sur la plupart des travaux","Manque de temps, Manque d'impact perçu sur les élèves",,Parfois,"Parfois, selon les élèves",Parfois,"Pendant une activité en classe (feedback immédiat), Lors de travaux de groupes, Lors de la remise des copies",,"Expliquer et justifier une note, Encourager et motiver l'élève, Donner des pistes concrètes de progression, Corriger des erreurs spécifiques, Créer un dialogue avec l'élève",,"Oui, dans la plupart des cas","Oui, un impact clair et mesurable","Oui, ils posent souvent des questions","Plus rapide à formuler, Plus direct et personnalisé, Permet de s'adapter en temps réel aux réactions de l'élève","Les élèves oublient facilement ce qui est dit, Manque de temps en classe",,Parfois,"Confidentialité et protection des données élèves, Coût financier pour l'établissement, Fiabilité des suggestions de l'IA",,2025-10-21 10:30am
46,0450839T - Collège Saint-Exupéry,Collège Saint-Exupéry,64 rue de la Griffonnerie,45800,Saint-Jean-de-Braye,Public,COLLEGE,45,Loiret,ce.0450839T@ac-orleans-tours.fr,02 38 55 16 42,47.91231355506002,1.9628201843221684,Sciences et Vie de la Terre,Collège,6è 5è 4è 3è,Plus de 20 ans,À la fin de chaque séquence/chapitre,"Parfois, selon le type de travail","Oui, sur la plupart des travaux","Manque d'impact perçu sur les élèves, Répétitivité des commentaires",,Jamais,"Parfois, selon les élèves",Parfois,Lors de la remise des copies,,"Expliquer et justifier une note, Donner des pistes concrètes de progression",,"Non, ils semblent souvent oubliés",Peu ou pas d'impact visible,"Oui, mais ils le font rarement","Plus direct et personnalisé, Meilleure réceptivité des élèves, Plus authentique et chaleureux","Les élèves oublient facilement ce qui est dit, Manque de temps en classe",,Rarement,"Confidentialité et protection des données élèves, Complexité d'utilisation, Fiabilité des suggestions de l'IA",,2025-11-01 3:22pm
47,0410718H - Lycée professionnel Val de Cher - Lycée des métiers de l'énergie et des services,Lycée professionnel Val de Cher - Lycée des métiers de l'énergie et des services,2 avenue Jean Magnon,41110,Saint-Aignan,Public,LP LYCEE DES METIERS,41,Loir-et-Cher,ce.0410718H@ac-orleans-tours.fr,02 54 75 48 48,47.26670995877264,1.3711799914447236,Sciences Physiques et chimiques,Lycée professionnel,mathématiques,11-20 ans,Une fois par semaine,"Souvent, pour la plupart des travaux",Rarement,Manque d'impact perçu sur les élèves,,Je ne sais pas comment m'organiser pour cela,Rarement,"Oui, régulièrement","Pendant une activité en classe (feedback immédiat), Juste après une évaluation, En correction collective, Lors de la remise des copies",,"Encourager et motiver l'élève, Corriger des erreurs spécifiques",,Cela dépend beaucoup des élèves,"Oui, mais difficile à quantifier","Parfois, selon le contexte","Plus direct et personnalisé, Permet l'interaction et le dialogue, Meilleure réceptivité des élèves, Permet de s'adapter en temps réel aux réactions de l'élève, Plus authentique et chaleureux","Les élèves oublient facilement ce qui est dit, Difficulté à individualiser dans un grand groupe, Absence de trace écrite pour le suivi",,Rarement,"Complexité d'utilisation, Fiabilité des suggestions de l'IA",,2025-11-03 11:03am
48,0450050K - Lycée polyvalent Jean Zay,Lycée polyvalent Jean Zay,2 rue Ferdinand Buisson,45044,Orléans,Public,LYCEE POLYVALENT,45,Loiret,ce.0450050K@ac-orleans-tours.fr,02 38 78 12 12,47.9063085606354,1.9126796017077703,Économie et Gestion administrative,Lycée général,section technologique,5-10 ans,"Une fois par semaine, À la fin de chaque séquence/chapitre","Toujours, pour tous les travaux","Oui, sur tous les travaux",Aucune difficulté particulière,,Parfois,Je ne sais pas comment le mesurer,Rarement,"Pendant une activité en classe (feedback immédiat), En correction collective, Lors de la remise des copies, Pendant les récréations/pauses",,"Expliquer et justifier une note, Encourager et motiver l'élève, Donner des pistes concrètes de progression, Corriger des erreurs spécifiques, Créer un dialogue avec l'élève",,Cela dépend beaucoup des élèves,Je ne sais pas comment l'évaluer,"Oui, ils posent souvent des questions","Permet l'interaction et le dialogue, Meilleure réceptivité des élèves","Manque de temps en classe, Absence de trace écrite pour le suivi, Certains élèves sont mal à l'aise avec l'oral",,Parfois,"Confidentialité et protection des données élèves, Coût financier pour l'établissement, Fiabilité des suggestions de l'IA",quel impact environnemental ,2025-11-03 12:51pm
49,0370038R - Lycée général et technologique Grandmont,Lycée général et technologique Grandmont,Avenue de Sévigné,37204,Tours,Public,LYCEE GENERAL ET TECHNOLOGIQUE,37,Indre-et-Loire,ce.0370038R@ac-orleans-tours.fr,02 47 48 78 78,47.36017830478737,0.6997013706654819,Sciences et Vie de la Terre,Lycée général, ,Plus de 20 ans,Plusieurs fois par semaine,"Parfois, selon le type de travail","Parfois, selon le type d'activité","Manque de temps, Difficulté à formuler des remarques constructives, Difficulté à personnaliser selon chaque élève, Répétitivité des commentaires",,Jamais,"Parfois, selon les élèves",Rarement,"Pendant une activité en classe (feedback immédiat), Juste après une évaluation, Pendant les récréations/pauses",,Encourager et motiver l'élève,,Cela dépend beaucoup des élèves,Je ne sais pas comment l'évaluer,"Oui, ils posent souvent des questions","Plus direct et personnalisé, Permet l'interaction et le dialogue","Absence de trace écrite pour le suivi, Difficulté à être équitable avec tous les élèves",,Rarement,"Perte d'authenticité dans la relation pédagogique, Fiabilité des suggestions de l'IA",,2025-11-03 1:14pm
50,0360003H - Lycée professionnel Chateauneuf,Lycée professionnel Chateauneuf,83 avenue Rollinat,36200,Argenton-sur-Creuse,Public,LYCEE PROFESSIONNEL,36,Indre,ce.0360003H@ac-orleans-tours.fr,02 54 24 00 63,46.58230444721205,1.5157403328051064,Génie Électrique : Électrotechnique,Lycée professionnel,"2nde, 1ère, Terminale",Plus de 20 ans,"Quotidiennement, Plusieurs fois par semaine","Toujours, pour tous les travaux","Oui, sur tous les travaux","Manque de temps, Manque d'impact perçu sur les élèves, Répétitivité des commentaires",,"Toujours (cahier, fichier numérique...)","Parfois, selon les élèves","Oui, régulièrement","Pendant une activité en classe (feedback immédiat), Juste après une évaluation, Lors d'entretiens individuels planifiés, Lors de travaux de groupes, En correction collective, Lors de la remise des copies",,"Expliquer et justifier une note, Encourager et motiver l'élève, Donner des pistes concrètes de progression, Corriger des erreurs spécifiques, Créer un dialogue avec l'élève",,Cela dépend beaucoup des élèves,"Oui, mais difficile à quantifier","Oui, mais ils le font rarement","Plus rapide à formuler, Plus direct et personnalisé, Permet l'interaction et le dialogue, Meilleure réceptivité des élèves, Permet de s'adapter en temps réel aux réactions de l'élève, Plus authentique et chaleureux",Absence de trace écrite pour le suivi,,Rarement,"Perte d'authenticité dans la relation pédagogique, Fiabilité des suggestions de l'IA, Acceptation par les parents et l'institution",RAS,2025-11-17 9:40am
